purpose,PER-pis
particular,par-TIH-kyoo-lur
pleasure,PLEH-zhur
trip,trihp
european,yer-ruh-PEE-yin
changed,chaiynjt
goudz,goudz
goods,goudz
records,REH-kerdz
series,SEER-reez
rivals,RIY-vulz
synchronized,SIN-kroh-niyzd
commodity,kuh-MAW-dih-tee
satisfaction,sah-tis-FAK-shin
clothes,klohthz
Nike,NIY-kee
Adidas,ah-DEE-dis
pharmacy,FAWR-muh-see
hair,hair
salon,sah-LAWN
bread,brehd
toothpaste,TOOTH-paiyst
medicine,MEH-dih-sin
expensive,ik-SPEN-siv
preferable,pre-FER-rah-bul
choice,choiys
hearing,HEER-ring
live,liyv
drought,drowt
awareness,ah-WAIR-nis
writing,RIY-ting
lawyer,LOY-yer
area,AIR-ree-yuh
protagonist,pro-TAIY-guh-nist
reggae,RAIY-gaiy
groovy,GROO-vee
creative,cree-AIY-tiv
cloth,klawth
cork,kork
cafeteria,kah-fuh-TEER-ree-yuh
lunches,LUN-chiz
allergic,ah-LUR-jik
contact,KAWN-takt
product,PRAW-dukt
laboratories,lah-BOR-rah-tor-reez
protein,PROH-teen
proteins,PROH-teenz
minerals,MIH-ner-rulz
nutrients,NOO-tree-yints
production,pruh-DUK-shin
salary,SAH-ler-ree
scheme,skeem
hormones,HOR-mohnz
anxiety,ang-ZIY-yih-tee
resilience,reh-ZIH-lee-yins
abroad,ah-BRAWD
technology,tek-NAW-loh-jee
projector,pruh-JEK-ter
interesting,IN-ter-res-ting
winnings,WIH-nings
society,suh-SIY-yih-tee
accompanied,uh-CUM-pah-need
deprived,dih-PRIYVd
assignments,ah-SIYN-mints
distract,dis-TRAKT
destress,DEE-stres
calm,kawm
unwind,un-WIYND
health,helth
sunbathing,SUN-bay-thing
colleagues,KAW-leegz
access,AK-ses
constinuents,kun-STIH-choo-ints
capacity,kuh-PAH-sih-tee
debut,day-BYOO
event,eh-VENT
legally,LEE-guh-lee
outrage,aowt-RAYJ
suspicion,sus-PIH-shun
served,servd
Himalayas,him-ah-LAY-yuz
overeating,oh-ver-EE-ting
walk,wawk
poetry,POH-eh-tree
aceptable,ak-SEP-tih-bul
inappropriate,in-ah-PROH-pree-yit
exxagerate,ik-ZAH-jer-rayt
method,MEH-thid
retiree,rih-tiyr-REE
infamous,IN-fuh-mis
Vietnam,vee-yet-NAM
campaigning,kam-PAIY-ning
sculptor,SKULP-ter
sculpture,SKULP-cher
pottery,PAW-ter-ree
clay,klaiy
bowl,bohl
breathe,breeth
decorate,DEH-kor-raiyt
strategic,struh-TEE-jik
challenging,CHAH-lin-jing
nerves,nurvz
frightening,FRIY-teh-ning
deliver,dih-LIH-ver
relevant,REH-lih-vint
extemporaneous,ek-stem-por-RAIY-nee-yis
public,PUH-blik
transportation,tranz-por-TAY-shun
commercial,kuh-MER-shul
fare,fayr
steady,STEH-dee
textbook,TEKST-bouk
